,actual,tso_forecast
2026-02-18 22:00:00,58301.7873625,53453.68649825
2026-02-18 23:00:00,55257.194424999994,52619.02291025
2026-02-19 00:00:00,54132.608865,50790.915667
2026-02-19 01:00:00,53806.6291325,50241.61547125
2026-02-19 02:00:00,54062.5743,50735.2081305
2026-02-19 03:00:00,55857.866275,51986.21103875
2026-02-19 04:00:00,58870.030185,55739.939035
2026-02-19 05:00:00,65376.9185175,62082.35021975
2026-02-19 06:00:00,71584.1021,67215.3630115
2026-02-19 07:00:00,73799.45504,69923.09045225
2026-02-19 08:00:00,73870.1629575,70434.20154425
2026-02-19 09:00:00,74031.27515500001,70809.59811075
2026-02-19 10:00:00,74589.18178,71006.65440075
2026-02-19 11:00:00,74101.53776,70861.92819625
2026-02-19 12:00:00,73963.96539,69816.9759775
2026-02-19 13:00:00,71714.0125025,68760.57589925
2026-02-19 14:00:00,70721.28357500001,68143.2491675
2026-02-19 15:00:00,70824.303855,69052.07353275
2026-02-19 16:00:00,73022.3665075,71067.04770025
2026-02-19 17:00:00,74081.7834025,71435.24979775
2026-02-19 18:00:00,72854.0014975,69422.094756
2026-02-19 19:00:00,69546.2694225,66083.537348
2026-02-19 20:00:00,65675.404005,62002.37808925
2026-02-19 21:00:00,62745.128445,58515.605467
2026-02-19 22:00:00,59560.2250525,55042.9023845
2026-02-19 23:00:00,56743.957097499995,52539.42378175
2026-02-20 00:00:00,55109.1287975,50891.02998375
2026-02-20 01:00:00,54158.039667499994,50424.50770725
2026-02-20 02:00:00,54380.9485175,50680.37964075
2026-02-20 03:00:00,55814.9541225,51701.8718045
2026-02-20 04:00:00,59563.4174025,55334.56822775
2026-02-20 05:00:00,66730.1151175,61304.85779
2026-02-20 06:00:00,71589.284405,66986.054572
2026-02-20 07:00:00,73549.70063,69197.0396265
2026-02-20 08:00:00,73919.622945,69808.33105075
2026-02-20 09:00:00,74204.60157,70719.26425949999
2026-02-20 10:00:00,73412.2766975,70847.29838475
2026-02-20 11:00:00,71827.214175,70349.27687575
2026-02-20 12:00:00,70832.1587825,69066.1331715
2026-02-20 13:00:00,69452.89046,67916.01810175
2026-02-20 14:00:00,69256.5869625,67330.53538725
2026-02-20 15:00:00,69433.4224125,67739.06217275
2026-02-20 16:00:00,71441.80394499999,68933.5863275
2026-02-20 17:00:00,72211.6620575,69308.63562775
2026-02-20 18:00:00,70223.3427525,67520.1975355
2026-02-20 19:00:00,66032.223665,64039.48485675
2026-02-20 20:00:00,62106.269495,60013.14302425
2026-02-20 21:00:00,59070.3980475,56873.944795
2026-02-20 22:00:00,55979.73867,53735.5806195
2026-02-20 23:00:00,53255.5267725,52109.67248075
2026-02-21 00:00:00,51449.26014,50479.1278965
2026-02-21 01:00:00,50137.9449825,49350.5306155
2026-02-21 02:00:00,49595.97389,48990.00469525
2026-02-21 03:00:00,49367.92334,48975.3051595
2026-02-21 04:00:00,50142.127765,50498.28585025
2026-02-21 05:00:00,51156.66881,52791.12623625
2026-02-21 06:00:00,53535.22979,55199.349213
2026-02-21 07:00:00,56837.4893575,58012.1660535
2026-02-21 08:00:00,58600.5238675,60437.89314575
2026-02-21 09:00:00,60150.33264,61938.686875750005
2026-02-21 10:00:00,61359.2933325,62287.23438
2026-02-21 11:00:00,60959.2051175,61527.56593375
2026-02-21 12:00:00,59794.910885,59907.94658125
2026-02-21 13:00:00,58599.0283875,58392.85565225
2026-02-21 14:00:00,57893.8760625,57909.230983
2026-02-21 15:00:00,58777.0932475,59654.79270875
2026-02-21 16:00:00,61021.0244075,61140.70130825
2026-02-21 17:00:00,61786.528855,61617.3136535
2026-02-21 18:00:00,59659.4000025,60673.02462025
2026-02-21 19:00:00,56203.038857499996,58200.7314475
2026-02-21 20:00:00,53835.05044,55453.1996985
2026-02-21 21:00:00,51364.994425,53483.889458000005
2026-02-21 22:00:00,47650.11135,50615.8271845
2026-02-21 23:00:00,44827.027025,47719.127596
2026-02-22 00:00:00,42761.3062175,46078.4023085
2026-02-22 01:00:00,41595.054005,45132.252026250004
2026-02-22 02:00:00,41759.582625,44677.544015
2026-02-22 03:00:00,42488.8595175,44783.02029025
2026-02-22 04:00:00,43098.555810000005,45550.08683825
2026-02-22 05:00:00,43470.3408375,47354.732886750004
2026-02-22 06:00:00,45362.2044525,49925.56970125
2026-02-22 07:00:00,48436.126735,52650.2243855
2026-02-22 08:00:00,51177.2502875,55047.8010205
2026-02-22 09:00:00,53129.9993425,56738.80398925
2026-02-22 10:00:00,55837.2055025,57697.15702375
2026-02-22 11:00:00,55952.4203375,57431.43631325
2026-02-22 12:00:00,54955.2885025,56054.000729499996
2026-02-22 13:00:00,53451.1075425,54749.884885
2026-02-22 14:00:00,53721.74163,54868.60972075
2026-02-22 15:00:00,54722.1217325,56241.422318
2026-02-22 16:00:00,57744.7640925,59459.509057
2026-02-22 17:00:00,58675.917625,61405.09826975
2026-02-22 18:00:00,57416.642934999996,60833.415393
2026-02-22 19:00:00,55061.04738,58838.539172000004
2026-02-22 20:00:00,53665.295165,56116.10566825
2026-02-22 21:00:00,51668.9701225,53755.6422215
2026-02-22 22:00:00,48955.02656,51271.9443615
2026-02-22 23:00:00,46228.3399525,47776.9149075
2026-02-23 00:00:00,44809.69441,46324.32906225
2026-02-23 01:00:00,45127.641965,45896.20517675
2026-02-23 02:00:00,45926.3970025,46189.32733425
2026-02-23 03:00:00,48033.80741,47410.8793755
2026-02-23 04:00:00,52053.554299999996,52361.83114275
2026-02-23 05:00:00,59859.655960000004,61144.96783425
2026-02-23 06:00:00,65653.4666025,67337.571813
2026-02-23 07:00:00,68077.6154125,69848.5758975
2026-02-23 08:00:00,68359.79922,69780.066667
2026-02-23 09:00:00,68799.9213225,69562.22657625
2026-02-23 10:00:00,69118.69942250001,69196.66312375
2026-02-23 11:00:00,68562.222665,67762.60986025
2026-02-23 12:00:00,67722.9114,66323.086479
2026-02-23 13:00:00,66333.8913375,65334.49023575
2026-02-23 14:00:00,65280.2543975,65287.32103775
2026-02-23 15:00:00,65042.7501525,66382.62852900001
2026-02-23 16:00:00,67902.7223425,68361.89903325
2026-02-23 17:00:00,68893.4005425,70027.553233
2026-02-23 18:00:00,67152.6094175,68021.6088915
2026-02-23 19:00:00,63774.993474999996,64260.329493000005
2026-02-23 20:00:00,60065.26196,60796.51821575
2026-02-23 21:00:00,56477.95608,57412.225778
2026-02-23 22:00:00,52928.89404,53844.20502475
2026-02-23 23:00:00,50014.4314675,51060.331869249996
2026-02-24 00:00:00,48227.0433625,49451.631925249996
2026-02-24 01:00:00,47526.351964999994,48928.538011
2026-02-24 02:00:00,47947.6397625,49468.61828425
2026-02-24 03:00:00,49490.3819675,50500.521737
2026-02-24 04:00:00,52583.51895,53929.5988785
2026-02-24 05:00:00,60645.8031175,60082.3295175
2026-02-24 06:00:00,66041.6751325,65113.21596475
2026-02-24 07:00:00,68175.764545,68171.90153
2026-02-24 08:00:00,68188.168095,68385.952775
2026-02-24 09:00:00,68933.3812425,68902.15932275
2026-02-24 10:00:00,68511.1706225,68967.78450425
2026-02-24 11:00:00,68079.3126475,68139.23424675
2026-02-24 12:00:00,66712.412095,66949.87521975
2026-02-24 13:00:00,65320.405245,65847.77569025
2026-02-24 14:00:00,64703.9525275,65273.1455415
2026-02-24 15:00:00,64681.401435,65702.66336125
2026-02-24 16:00:00,67173.96479,68081.283334
2026-02-24 17:00:00,68611.913395,68719.17139925
2026-02-24 18:00:00,67552.818485,67629.35433449999
2026-02-24 19:00:00,64336.39507,64032.756618499996
2026-02-24 20:00:00,60562.0911475,60269.2035535
2026-02-24 21:00:00,56586.617092500004,57121.358467
2026-02-24 22:00:00,53139.8922,53894.432253
2026-02-24 23:00:00,50107.4163675,51108.7185085
2026-02-25 00:00:00,48368.772874999995,49686.46246725
2026-02-25 01:00:00,47799.4183325,49160.76529325
2026-02-25 02:00:00,48095.496197500004,49253.366677750004
2026-02-25 03:00:00,49865.313154999996,50978.1784415
2026-02-25 04:00:00,53637.8956775,54882.34779925
2026-02-25 05:00:00,60805.0372225,61565.83559725
2026-02-25 06:00:00,65764.7278575,67109.5705305
2026-02-25 07:00:00,67817.190755,69182.34329024999
2026-02-25 08:00:00,68170.1573125,69072.35253999999
2026-02-25 09:00:00,67824.78819749999,69358.09027225
2026-02-25 10:00:00,66906.200655,69539.98086575
2026-02-25 11:00:00,65255.8270775,68144.54009875
2026-02-25 12:00:00,62958.6498775,66853.281889
2026-02-25 13:00:00,61219.1940325,65673.01068949999
2026-02-25 14:00:00,60504.0206425,64964.97409725
2026-02-25 15:00:00,61354.002244999996,65669.44960349999
2026-02-25 16:00:00,64465.926027500005,67666.9383525
2026-02-25 17:00:00,66741.0298925,68824.51404075
2026-02-25 18:00:00,66611.2849775,67667.60538375001
2026-02-25 19:00:00,63958.602955,64144.359513
2026-02-25 20:00:00,60950.109874999995,60535.305152500005
2026-02-25 21:00:00,57068.6937625,56970.30971
2026-02-25 22:00:00,53511.4465525,53880.23949275
2026-02-25 23:00:00,50689.542180000004,50420.7076225
2026-02-26 00:00:00,48486.4711325,48620.20570825
2026-02-26 01:00:00,47664.2405625,48050.984348750004
2026-02-26 02:00:00,47880.00901,48281.532156
2026-02-26 03:00:00,49767.118865,49756.129612749995
2026-02-26 04:00:00,53624.851227499996,53790.84850325
2026-02-26 05:00:00,60568.722245,59976.030216750005
2026-02-26 06:00:00,65357.2053,65101.078605250004
2026-02-26 07:00:00,67957.30034,67982.84712
2026-02-26 08:00:00,68328.83214,68312.70839074999
2026-02-26 09:00:00,67860.24538000001,68935.2621695
2026-02-26 10:00:00,66572.7101625,69226.80696675
2026-02-26 11:00:00,64674.154389999996,68467.04276899999
2026-02-26 12:00:00,61752.027795,67457.1571365
2026-02-26 13:00:00,60143.8977775,65803.300104
2026-02-26 14:00:00,59629.1005075,65649.72389875
2026-02-26 15:00:00,60970.70274,66395.23422075
2026-02-26 16:00:00,64043.5459775,68424.935978
2026-02-26 17:00:00,66213.347265,68958.4662695
2026-02-26 18:00:00,65446.8807125,67205.75387825
2026-02-26 19:00:00,62317.1041,64155.13116225
2026-02-26 20:00:00,58818.6888325,60155.5081585
2026-02-26 21:00:00,55895.3815425,56539.23863775
2026-02-26 22:00:00,52256.090697499996,52838.51535275
2026-02-26 23:00:00,49429.41988,48986.69373425
2026-02-27 00:00:00,47374.30937,47553.05592775
2026-02-27 01:00:00,46513.723105,47118.1382955
2026-02-27 02:00:00,47021.3705125,47544.3050725
2026-02-27 03:00:00,48901.537704999995,48588.2918355
2026-02-27 04:00:00,52328.30137,51615.10486975
2026-02-27 05:00:00,59558.0237075,57853.32193025
2026-02-27 06:00:00,64473.9190875,63263.47880725
2026-02-27 07:00:00,67189.95924,66077.59538475
2026-02-27 08:00:00,66722.016235,66998.21528050001
2026-02-27 09:00:00,66050.9105875,67636.454987
2026-02-27 10:00:00,64368.1808575,67145.50732275
2026-02-27 11:00:00,61693.4279575,66317.62094125
2026-02-27 12:00:00,59222.1012675,64862.34290675
2026-02-27 13:00:00,57265.7183625,63579.5354065
2026-02-27 14:00:00,56521.0512775,62273.679024
2026-02-27 15:00:00,57967.9187325,62209.94035975
2026-02-27 16:00:00,61168.6991975,63984.57883675
2026-02-27 17:00:00,63296.7275275,64512.19147875
2026-02-27 18:00:00,61984.668625000006,62961.57799925
2026-02-27 19:00:00,59162.122162499996,59871.613905000006
2026-02-27 20:00:00,55569.773537500005,56414.50137525
2026-02-27 21:00:00,51979.3902075,53380.7407835
2026-02-27 22:00:00,48666.10781,50094.32640275
2026-02-27 23:00:00,45270.9176675,47522.83424975
2026-02-28 00:00:00,43741.5291625,45567.1428545
2026-02-28 01:00:00,42191.21811,44447.93064075
2026-02-28 02:00:00,41518.5307725,44314.5683725
2026-02-28 03:00:00,42378.917785,44535.45952925
2026-02-28 04:00:00,42954.998237499996,47021.51956575
2026-02-28 05:00:00,44222.600529999996,50028.398256
2026-02-28 06:00:00,47133.0640125,52509.169247750004
2026-02-28 07:00:00,51427.7476225,55146.69714575
2026-02-28 08:00:00,54356.881752500005,57404.538831750004
2026-02-28 09:00:00,54991.847965,58625.63667975
2026-02-28 10:00:00,54661.999805,58654.68902375
2026-02-28 11:00:00,53891.500525,57864.16451
2026-02-28 12:00:00,51955.51445,56552.090828
2026-02-28 13:00:00,50722.65634,55101.9367645
2026-02-28 14:00:00,51245.47711,54421.3733295
2026-02-28 15:00:00,51685.041985,55675.614059
2026-02-28 16:00:00,54427.7781375,56635.543748
2026-02-28 17:00:00,56944.725865,57686.33543425
2026-02-28 18:00:00,55448.11903,57499.901368
2026-02-28 19:00:00,52778.63383,55248.353388
2026-02-28 20:00:00,51167.9214125,53049.6858925
2026-02-28 21:00:00,49347.51421,51143.876256999996
2026-02-28 22:00:00,47079.263065,48209.935376
2026-02-28 23:00:00,44523.777955,46703.00645025
2026-03-01 00:00:00,42236.1581025,44766.5590635
2026-03-01 01:00:00,40764.5795175,43943.392313749995
2026-03-01 02:00:00,40131.2910725,43633.8832045
2026-03-01 03:00:00,40132.466395,43959.9385565
2026-03-01 04:00:00,40744.239864999996,44283.27641075
2026-03-01 05:00:00,40889.67353,45753.4666995
2026-03-01 06:00:00,42365.3899425,48436.92257625
2026-03-01 07:00:00,45909.365477499996,51152.87591925
2026-03-01 08:00:00,49217.413459999996,53315.750058749996
2026-03-01 09:00:00,50501.66572,54747.59860075
2026-03-01 10:00:00,50834.42917,56150.6057745
2026-03-01 11:00:00,50140.59843,55636.006828
2026-03-01 12:00:00,48143.3372825,54302.102438
2026-03-01 13:00:00,46046.587,53186.0170255
2026-03-01 14:00:00,46416.384885,53075.17493825
2026-03-01 15:00:00,47646.1090575,54303.58189825
2026-03-01 16:00:00,51267.488985,57120.03681325
2026-03-01 17:00:00,53574.8126775,58523.804921999996
2026-03-01 18:00:00,53665.825365,57775.47796275
2026-03-01 19:00:00,51934.7692675,55665.53799575
2026-03-01 20:00:00,50430.408592499996,53074.167572
2026-03-01 21:00:00,49065.35252,50838.320113
2026-03-01 22:00:00,46827.4153475,48704.713385
2026-03-01 23:00:00,45183.9242875,45701.1705535
2026-03-02 00:00:00,42268.5472725,44247.474663
2026-03-02 01:00:00,43291.5709375,43930.10717425
2026-03-02 02:00:00,43813.0248325,44310.5516825
2026-03-02 03:00:00,45478.5856875,46073.09576975
2026-03-02 04:00:00,49286.7119475,50509.7653225
2026-03-02 05:00:00,57927.05116,58231.08131625
2026-03-02 06:00:00,62578.661345,63995.113328
2026-03-02 07:00:00,65065.5525375,67080.74956625
2026-03-02 08:00:00,65495.273445,67588.0851075
2026-03-02 09:00:00,64099.3985925,67541.8309325
2026-03-02 10:00:00,62188.759545,67013.10925475
2026-03-02 11:00:00,60570.037425,65808.28534450001
2026-03-02 12:00:00,58641.661172500004,64288.596636
2026-03-02 13:00:00,57316.5852125,62927.051894000004
2026-03-02 14:00:00,57366.0409925,62000.520415499996
2026-03-02 15:00:00,58992.449649999995,62661.30238175
2026-03-02 16:00:00,62009.681945000004,64919.225042
2026-03-02 17:00:00,64195.2872875,66125.071557
2026-03-02 18:00:00,63523.41081,64910.190579
2026-03-02 19:00:00,60460.6016725,61881.513865
2026-03-02 20:00:00,57240.169525000005,58323.619481999995
2026-03-02 21:00:00,54412.131795,54738.4582735
2026-03-02 22:00:00,51202.064995,50764.6028895
2026-03-02 23:00:00,47204.6897275,48677.27929575
2026-03-03 00:00:00,45668.63613,47148.26861375
2026-03-03 01:00:00,44925.1648325,46678.7360615
2026-03-03 02:00:00,45275.04529,47155.21298525
2026-03-03 03:00:00,47230.218305,48444.42527375
2026-03-03 04:00:00,51316.75158,51871.14682825
2026-03-03 05:00:00,58341.99256,58051.71458725
2026-03-03 06:00:00,62961.6893125,62797.98412925
2026-03-03 07:00:00,65374.9658775,65906.549764
2026-03-03 08:00:00,65097.89724,67353.61949
2026-03-03 09:00:00,63892.958327500004,67712.236797
2026-03-03 10:00:00,62799.108065,67424.378112
2026-03-03 11:00:00,61392.3229275,66382.1881975
2026-03-03 12:00:00,59696.976355,64815.061946
2026-03-03 13:00:00,57781.50884,63527.5859895
2026-03-03 14:00:00,57888.1729875,62643.631147
2026-03-03 15:00:00,59638.722755,62625.22321575
2026-03-03 16:00:00,62254.2719075,64477.295944
2026-03-03 17:00:00,64555.3979675,65865.14895100001
2026-03-03 18:00:00,63679.760597500004,65219.875608500006
2026-03-03 19:00:00,60698.415519999995,62025.97961275
2026-03-03 20:00:00,56929.3292525,58397.376489
2026-03-03 21:00:00,54145.371825,54899.582346
2026-03-03 22:00:00,50435.636365,51607.136075999995
2026-03-03 23:00:00,48967.406765,48681.81737325
2026-03-04 00:00:00,47458.2796175,47227.1267235
2026-03-04 01:00:00,46775.1807375,46789.470319
2026-03-04 02:00:00,46936.576329999996,46823.23247425
2026-03-04 03:00:00,48685.7760675,48507.719355
2026-03-04 04:00:00,51625.069435,52068.050650749996
2026-03-04 05:00:00,59164.9089175,58358.7524405
2026-03-04 06:00:00,63919.6856675,63871.62976225
2026-03-04 07:00:00,66411.42471749999,66688.80884675
2026-03-04 08:00:00,66155.987825,67648.62231675
2026-03-04 09:00:00,64528.245955,67413.72244775
2026-03-04 10:00:00,63097.7590475,67174.15730425
2026-03-04 11:00:00,62102.311402499996,65596.239699
2026-03-04 12:00:00,60438.5519275,63502.241996
2026-03-04 13:00:00,57847.0144075,61916.78757625
2026-03-04 14:00:00,58078.319875,60844.435245500004
2026-03-04 15:00:00,59528.0284525,61003.287009499996
2026-03-04 16:00:00,62831.711955,63375.40260175
2026-03-04 17:00:00,64341.7483225,65126.745733
2026-03-04 18:00:00,64190.24501,64644.752757250004
2026-03-04 19:00:00,61232.76014,61571.93887725
2026-03-04 20:00:00,57800.970555,58067.2121265
2026-03-04 21:00:00,54453.2342075,54347.14575825
2026-03-04 22:00:00,51095.3030875,50585.482382
2026-03-04 23:00:00,47846.4155475,48264.24471625
2026-03-05 00:00:00,45882.5262675,46635.03561425
2026-03-05 01:00:00,45331.349780000004,46052.13288275
2026-03-05 02:00:00,45557.691125,46458.16810725
2026-03-05 03:00:00,47640.997665,48291.3632625
2026-03-05 04:00:00,51551.7337975,52064.443638
2026-03-05 05:00:00,58479.3801775,58294.67703025
2026-03-05 06:00:00,63122.964777500005,63255.1823035
2026-03-05 07:00:00,65826.6861675,66105.8540355
2026-03-05 08:00:00,65441.10067,66822.23284825
2026-03-05 09:00:00,63313.120962500005,66844.17119775
2026-03-05 10:00:00,62037.146585,66097.07986075
2026-03-05 11:00:00,59923.273925,64564.84760525
2026-03-05 12:00:00,59368.8632925,62636.34774625
2026-03-05 13:00:00,57862.592657500005,61188.714519
2026-03-05 14:00:00,57653.4807275,61221.9707155
2026-03-05 15:00:00,57899.66563,61605.396712
2026-03-05 16:00:00,60370.26947,63982.04424725
2026-03-05 17:00:00,62356.1685075,65144.29707225
2026-03-05 18:00:00,62865.9097125,64387.122502
2026-03-05 19:00:00,60565.710172499996,61639.85848625
2026-03-05 20:00:00,57190.45442,58043.476996
2026-03-05 21:00:00,53594.188235,54547.58852175
2026-03-05 22:00:00,50038.1461075,51177.813313
2026-03-05 23:00:00,47684.897912500004,48062.854584500004
2026-03-06 00:00:00,45817.8441625,46605.74585325
2026-03-06 01:00:00,45077.064822500004,46235.076304500006
2026-03-06 02:00:00,45993.0660575,46703.7833085
2026-03-06 03:00:00,47652.9129475,48130.79231525
2026-03-06 04:00:00,51824.939094999994,51498.7150375
2026-03-06 05:00:00,59256.68725,57730.81684225
2026-03-06 06:00:00,63820.6668625,62989.573402
2026-03-06 07:00:00,66305.4370675,65546.24968175
2026-03-06 08:00:00,65224.008555,66118.5214025
2026-03-06 09:00:00,64062.126265,65863.19493975
2026-03-06 10:00:00,63398.579939999996,64752.57569875
2026-03-06 11:00:00,61765.2305825,63267.37280825
2026-03-06 12:00:00,59605.6533225,61295.63133225
2026-03-06 13:00:00,56799.92486499999,59365.79079575
2026-03-06 14:00:00,56207.794355,58927.408104
2026-03-06 15:00:00,56970.621719999996,59445.5575085
2026-03-06 16:00:00,58815.7826675,61506.30678675
2026-03-06 17:00:00,60725.685152499995,62884.4853025
2026-03-06 18:00:00,59749.2554025,62019.438484
2026-03-06 19:00:00,56228.348105,58746.5639
2026-03-06 20:00:00,53398.4700725,55177.3753155
2026-03-06 21:00:00,50615.00855,51807.82086475
2026-03-06 22:00:00,47857.39478,48507.683659
2026-03-06 23:00:00,44728.5610175,45481.61352
2026-03-07 00:00:00,43022.1136825,43660.697717
2026-03-07 01:00:00,41991.9582025,42709.5979285
2026-03-07 02:00:00,42013.4196025,42467.5349125
2026-03-07 03:00:00,42538.70841,42653.52835325
2026-03-07 04:00:00,43356.47036,43508.57212225
2026-03-07 05:00:00,45331.66706,45560.461861
2026-03-07 06:00:00,48048.1918775,48672.61483275
2026-03-07 07:00:00,51046.584665,52317.155007249996
2026-03-07 08:00:00,53011.6671,55116.015951
2026-03-07 09:00:00,53440.63084,56189.447996999996
2026-03-07 10:00:00,52385.3366575,56005.65107375
2026-03-07 11:00:00,51161.5968525,54792.75931575
2026-03-07 12:00:00,49519.6500425,52893.682264999996
2026-03-07 13:00:00,47498.240465,51536.7565685
2026-03-07 14:00:00,46958.6096525,51307.886768
2026-03-07 15:00:00,48008.3413875,52246.24138025
2026-03-07 16:00:00,50535.0975625,54690.411754
2026-03-07 17:00:00,52680.0532525,56726.674100749995
2026-03-07 18:00:00,51943.6528925,55262.81657175
2026-03-07 19:00:00,49273.193025,52501.65006475
2026-03-07 20:00:00,47161.715925,49860.79443625
2026-03-07 21:00:00,45716.262915,47342.89053425
2026-03-07 22:00:00,42850.14729,44728.378075
2026-03-07 23:00:00,40832.6377875,42290.733241
2026-03-08 00:00:00,39321.428570000004,40679.8645135
2026-03-08 01:00:00,38706.3882875,39848.64971975
2026-03-08 02:00:00,38468.6220825,39739.70340575
2026-03-08 03:00:00,38927.160555,39990.8502435
2026-03-08 04:00:00,39559.81163,41058.397288
2026-03-08 05:00:00,40727.2212475,43138.4498
2026-03-08 06:00:00,42930.022825,45991.373098000004
2026-03-08 07:00:00,45643.3948675,49168.931371
2026-03-08 08:00:00,48279.6630925,51694.246587
2026-03-08 09:00:00,49534.0609025,52400.3614125
2026-03-08 10:00:00,49971.183425,52441.6310945
2026-03-08 11:00:00,47874.3554125,51955.972100750005
2026-03-08 12:00:00,45961.7095325,50192.13434075
2026-03-08 13:00:00,43271.6229325,48948.714481250005
2026-03-08 14:00:00,42523.5371875,48791.22137975
2026-03-08 15:00:00,44116.250875,49654.661284249996
2026-03-08 16:00:00,47999.2002025,52071.78279
2026-03-08 17:00:00,51399.80713,54569.24503575
2026-03-08 18:00:00,51367.5903925,54464.647083
2026-03-08 19:00:00,49670.44907,52558.155801500005
2026-03-08 20:00:00,48309.674975,50509.792467499996
2026-03-08 21:00:00,47466.0444625,48439.1121085
2026-03-08 22:00:00,45193.92969,46033.4778355
2026-03-08 23:00:00,43445.5863925,43508.699116
2026-03-09 00:00:00,42252.8128175,42250.1458645
2026-03-09 01:00:00,41477.0828075,41810.10679275
2026-03-09 02:00:00,41767.3991675,42013.110430249995
2026-03-09 03:00:00,43938.147985,43880.588958249995
2026-03-09 04:00:00,47789.130625,48655.6762095
2026-03-09 05:00:00,55966.7307575,56458.264638249995
2026-03-09 06:00:00,61057.460125,62351.395558000004
2026-03-09 07:00:00,63712.29352,64963.816302
2026-03-09 08:00:00,64060.453817500005,65293.18366425
2026-03-09 09:00:00,62408.763495,64990.1986445
2026-03-09 10:00:00,61686.7672875,64517.389389250005
2026-03-09 11:00:00,60763.7442775,63235.3264735
2026-03-09 12:00:00,58629.8111775,61697.94622325
2026-03-09 13:00:00,57578.8147075,60309.693599
2026-03-09 14:00:00,57015.008275,60069.85996
2026-03-09 15:00:00,58696.010715,60805.263961000004
2026-03-09 16:00:00,61160.883915,63229.873888
2026-03-09 17:00:00,62969.1353675,64561.267160999996
2026-03-09 18:00:00,62359.05444,63433.05445725
2026-03-09 19:00:00,58677.1172425,60287.53022975
2026-03-09 20:00:00,55616.025754999995,57093.935943
2026-03-09 21:00:00,52807.144830000005,53545.67774925
2026-03-09 22:00:00,50077.1846125,49846.91874975
2026-03-09 23:00:00,46918.5353425,46955.27737925
2026-03-10 00:00:00,45356.9029375,45429.286079749996
2026-03-10 01:00:00,45008.1446975,45060.20785175
2026-03-10 02:00:00,45629.17533,45424.32043525
2026-03-10 03:00:00,46817.9409125,46668.57278325
2026-03-10 04:00:00,50459.8222675,49892.2312715
2026-03-10 05:00:00,57109.160352499995,55845.55571825
2026-03-10 06:00:00,61829.392465,60421.498575749996
2026-03-10 07:00:00,63824.34598,63013.30860625
2026-03-10 08:00:00,63864.07737,63830.121373999995
2026-03-10 09:00:00,62818.7959175,63951.017602
2026-03-10 10:00:00,61541.815815,63396.861393750005
2026-03-10 11:00:00,60246.004925,62337.6169535
2026-03-10 12:00:00,59317.1107475,61199.11698175
2026-03-10 13:00:00,58206.415087500005,59840.453817
2026-03-10 14:00:00,57468.196234999996,59338.589980749995
2026-03-10 15:00:00,57572.8249225,59321.6805055
2026-03-10 16:00:00,60271.7488725,60778.732489500006
2026-03-10 17:00:00,62519.3187225,62088.913889
2026-03-10 18:00:00,62212.872525,61624.96862875
2026-03-10 19:00:00,59182.4455275,59078.57323425
2026-03-10 20:00:00,55441.47666,55907.2333845
2026-03-10 21:00:00,51557.78579,52553.617256
2026-03-10 22:00:00,48559.9365525,49447.6663295
2026-03-10 23:00:00,45666.8873475,47106.20994325
2026-03-11 00:00:00,44714.0334275,45749.713033
2026-03-11 01:00:00,44396.5130175,45213.56131225
2026-03-11 02:00:00,45873.961240000004,45076.78648175
2026-03-11 03:00:00,47718.222655000005,46883.661816499996
2026-03-11 04:00:00,50893.758942500004,50695.72558475
2026-03-11 05:00:00,57457.016705,56923.62800375
2026-03-11 06:00:00,62357.5122075,62251.95659375
2026-03-11 07:00:00,64743.5843725,64821.935363
2026-03-11 08:00:00,65469.004185,65985.118201
2026-03-11 09:00:00,66318.1146,66307.93130675
2026-03-11 10:00:00,67342.113545,66087.321638
2026-03-11 11:00:00,66745.56964,64818.21644975
2026-03-11 12:00:00,65230.5717075,63252.573648749996
2026-03-11 13:00:00,63034.67596,61751.498215
2026-03-11 14:00:00,63250.1713425,60702.6463565
2026-03-11 15:00:00,63503.699115,60672.005118
2026-03-11 16:00:00,65085.74422,62685.683576
2026-03-11 17:00:00,65425.661575,63953.144822
2026-03-11 18:00:00,63533.78292,62594.94838525
2026-03-11 19:00:00,60817.52811,59812.2475205
2026-03-11 20:00:00,56803.061785,56661.955569
2026-03-11 21:00:00,53391.95957,53098.24692675
2026-03-11 22:00:00,49822.696525,49534.523741749996
2026-03-11 23:00:00,47081.649745,46085.596653
2026-03-12 00:00:00,45763.8892475,44591.08498275
2026-03-12 01:00:00,45141.2183825,44269.00344575
2026-03-12 02:00:00,45696.5689975,44532.43159475
2026-03-12 03:00:00,46980.0698575,45691.870898
2026-03-12 04:00:00,50571.07566,48988.016436499995
2026-03-12 05:00:00,57615.5802825,55097.95300775
2026-03-12 06:00:00,62656.485062499996,59829.51725475
2026-03-12 07:00:00,65524.9913425,62411.35453975
2026-03-12 08:00:00,65231.845507499995,62992.8557825
2026-03-12 09:00:00,65523.145164999994,63383.72036125
2026-03-12 10:00:00,65317.87588000001,63489.18680225
2026-03-12 11:00:00,64736.814615,62865.0795785
2026-03-12 12:00:00,63188.6228175,61457.704879
2026-03-12 13:00:00,61163.6204925,59937.454565
2026-03-12 14:00:00,60373.089479999995,59168.56668
2026-03-12 15:00:00,60278.496935,58997.5690415
2026-03-12 16:00:00,61767.4977475,60286.061520999996
2026-03-12 17:00:00,63285.135324999996,62037.35833375
2026-03-12 18:00:00,64444.31304,61646.75572575
2026-03-12 19:00:00,61635.702405,58839.64493075
2026-03-12 20:00:00,58441.956245,55666.08453675
2026-03-12 21:00:00,54937.215305000005,52396.21045125
2026-03-12 22:00:00,52170.46144,49139.9678975
2026-03-12 23:00:00,49971.767155,48017.7457895
2026-03-13 00:00:00,48068.249605000005,46713.0667425
2026-03-13 01:00:00,47728.350300000006,46290.904464499996
2026-03-13 02:00:00,48717.74815,46853.42801
2026-03-13 03:00:00,50055.305475,48021.74845675
2026-03-13 04:00:00,53426.7227775,51036.0896115
2026-03-13 05:00:00,60267.539795000004,57196.2142275
2026-03-13 06:00:00,64680.7888525,62098.245772
2026-03-13 07:00:00,67604.151985,65013.607523
2026-03-13 08:00:00,67547.2331425,66122.0351075
2026-03-13 09:00:00,66093.472935,66797.23744775
2026-03-13 10:00:00,64861.161212499996,66453.39467325
2026-03-13 11:00:00,64036.3262225,64821.994885
2026-03-13 12:00:00,62353.095,63066.40365275
2026-03-13 13:00:00,60414.364455,61799.691774
2026-03-13 14:00:00,59411.853747500005,60854.000809
2026-03-13 15:00:00,60642.0433175,60072.214577
2026-03-13 16:00:00,61398.010195,61825.101041999995
2026-03-13 17:00:00,62330.3972925,62429.9835295
2026-03-13 18:00:00,60833.51569,60991.24925575
2026-03-13 19:00:00,57122.6373325,57791.789676
2026-03-13 20:00:00,54189.027555,54379.49940975
2026-03-13 21:00:00,51187.45141,51381.9044685
2026-03-13 22:00:00,48546.2146225,48259.695707
2026-03-13 23:00:00,46454.6822475,45782.07263525
2026-03-14 00:00:00,44641.5087575,43829.96845925
2026-03-14 01:00:00,43770.428857499996,42889.53539975
2026-03-14 02:00:00,43201.909565,42664.84683225
2026-03-14 03:00:00,43024.7712725,42729.01427425
2026-03-14 04:00:00,43382.2166725,43320.45629775
2026-03-14 05:00:00,45372.39341,45128.701134999996
2026-03-14 06:00:00,48055.166805,48155.355910750004
2026-03-14 07:00:00,51066.322427499996,51666.764219749995
2026-03-14 08:00:00,54551.015175,54255.08613975
2026-03-14 09:00:00,56217.84204,55411.126557
2026-03-14 10:00:00,56345.8147175,55030.42710425
2026-03-14 11:00:00,56262.745335,53914.24436175
2026-03-14 12:00:00,55439.6524975,52416.4407755
2026-03-14 13:00:00,53776.3287975,51167.8403485
2026-03-14 14:00:00,52842.4228775,50672.99221875
2026-03-14 15:00:00,52657.276075,51117.5125415
2026-03-14 16:00:00,54137.8464825,52594.352107750005
2026-03-14 17:00:00,56303.3034875,54358.85516725
2026-03-14 18:00:00,55594.949017499996,53650.039221
2026-03-14 19:00:00,52312.1415525,51452.6881515
2026-03-14 20:00:00,49481.3961775,49251.35875425
2026-03-14 21:00:00,48088.1052175,47281.56929925
2026-03-14 22:00:00,45186.076740000004,44805.058065749996
2026-03-14 23:00:00,43398.944745,43742.961122
2026-03-15 00:00:00,42135.10483,42132.363602
2026-03-15 01:00:00,40969.227245,41416.712727750004
2026-03-15 02:00:00,40417.9520175,41168.23141925
2026-03-15 03:00:00,40574.6500725,41349.034026
2026-03-15 04:00:00,40944.8769625,42133.5836755
2026-03-15 05:00:00,41642.164165,43746.431844
2026-03-15 06:00:00,43575.81432,46136.63506825
2026-03-15 07:00:00,46293.1000275,49289.75488925
2026-03-15 08:00:00,48359.9446975,51506.134231250006
2026-03-15 09:00:00,50358.520462500004,53097.24012075
2026-03-15 10:00:00,52021.679325000005,54037.8574395
2026-03-15 11:00:00,51596.381852499995,53519.460829250005
2026-03-15 12:00:00,50515.5685975,52061.4543305
2026-03-15 13:00:00,49293.510735,50608.04585675
2026-03-15 14:00:00,48833.0635925,50007.96971625
2026-03-15 15:00:00,49278.8498775,50659.27021925
2026-03-15 16:00:00,51453.43793,52796.06945475
2026-03-15 17:00:00,53970.96148,54913.51501225
2026-03-15 18:00:00,54313.3611275,54706.70758325
2026-03-15 19:00:00,52338.684275,52786.4856195
2026-03-15 20:00:00,50629.3278525,51045.4418745
2026-03-15 21:00:00,49962.681065,49354.56727575
2026-03-15 22:00:00,48185.93746,46969.1774485
2026-03-15 23:00:00,46082.45656,45785.12977675
2026-03-16 00:00:00,45899.8657725,44575.343419
2026-03-16 01:00:00,45009.53968,44313.050522000005
2026-03-16 02:00:00,45753.8118525,45229.0436615
2026-03-16 03:00:00,47591.7231675,47009.0611895
2026-03-16 04:00:00,51551.379475,52730.07620825
2026-03-16 05:00:00,58263.695155,61210.16449675
2026-03-16 06:00:00,62573.15616,66228.47146975
2026-03-16 07:00:00,65138.8154025,69132.0193725
2026-03-16 08:00:00,66236.6003625,69418.46080500001
2026-03-16 09:00:00,67447.462095,68969.19953499999
2026-03-16 10:00:00,67779.9081525,68880.728942
2026-03-16 11:00:00,65834.75815000001,68114.792703
2026-03-16 12:00:00,64244.7278525,66640.59080175
2026-03-16 13:00:00,62467.6026675,65653.25587825
2026-03-16 14:00:00,61583.291165,64742.58280925
2026-03-16 15:00:00,61363.4382625,65100.064425749995
2026-03-16 16:00:00,63053.075585,66353.52592975
2026-03-16 17:00:00,64342.4686025,67386.74011474999
2026-03-16 18:00:00,63797.656587499994,65732.6319355
2026-03-16 19:00:00,60263.7672825,62408.88950425
2026-03-16 20:00:00,56914.568855,58773.68230175
2026-03-16 21:00:00,54189.435825,55359.009634250004
2026-03-16 22:00:00,50916.4619125,51559.4047575
2026-03-16 23:00:00,48431.21404,49737.433333249995
2026-03-17 00:00:00,46821.369034999996,48123.59002125
2026-03-17 01:00:00,45693.632105,47669.89217175
2026-03-17 02:00:00,46075.7118525,48333.6118835
2026-03-17 03:00:00,46453.25983,49588.717042000004
2026-03-17 04:00:00,50182.27466,52832.03769225
2026-03-17 05:00:00,57939.766245,58745.97128375
2026-03-17 06:00:00,62561.281465,63148.92183725
2026-03-17 07:00:00,65028.257377500006,65878.566225
2026-03-17 08:00:00,65279.837795,66459.975021
2026-03-17 09:00:00,65309.621195,66220.2235865
2026-03-17 10:00:00,64907.2496025,65939.1693325
2026-03-17 11:00:00,64431.71884,65303.80207925
2026-03-17 12:00:00,62856.99028,64496.577583
2026-03-17 13:00:00,61336.8366875,63143.834363250004
2026-03-17 14:00:00,60260.397985,62137.27869875
2026-03-17 15:00:00,59962.2573,62181.05398225
2026-03-17 16:00:00,61952.190839999996,63981.74837075
2026-03-17 17:00:00,63711.6626675,65526.64326075
2026-03-17 18:00:00,64101.643534999996,65058.0207125
2026-03-17 19:00:00,60986.2392075,62052.071306
2026-03-17 20:00:00,57871.28701,58707.165764749996
2026-03-17 21:00:00,54637.591545,55194.451425
2026-03-17 22:00:00,51104.9770325,52090.96065475
2026-03-17 23:00:00,48970.893085,49002.670945
2026-03-18 00:00:00,47147.4532225,47742.873991
2026-03-18 01:00:00,46644.27073,47105.5387965
2026-03-18 02:00:00,47320.7462375,47214.436277249995
2026-03-18 03:00:00,48577.0906425,48735.82390025
2026-03-18 04:00:00,52337.7743225,52245.59102975
2026-03-18 05:00:00,59075.9511325,58418.2129925
2026-03-18 06:00:00,63888.5197425,63415.9068815
2026-03-18 07:00:00,65719.06474249999,65857.951324
2026-03-18 08:00:00,64668.465805,66411.4291485
2026-03-18 09:00:00,62812.58098,66528.059187
2026-03-18 10:00:00,62545.9096475,66868.45135625
2026-03-18 11:00:00,60875.437595,65652.56721975
2026-03-18 12:00:00,59131.4753125,64588.723679
2026-03-18 13:00:00,56674.329655,63107.520262499995
2026-03-18 14:00:00,56369.9179475,61685.556053
2026-03-18 15:00:00,57096.814435,61369.713145249996
2026-03-18 16:00:00,59296.2894825,63080.623087500004
2026-03-18 17:00:00,61855.3828575,64275.146450500004
2026-03-18 18:00:00,62092.5705075,63569.45556425
2026-03-18 19:00:00,59179.3121275,61307.642971249996
2026-03-18 20:00:00,55303.125232499995,58041.70426475
2026-03-18 21:00:00,52589.585315,54299.852822500005
2026-03-18 22:00:00,49767.41394,50474.83909125
2026-03-18 23:00:00,46774.7016925,47306.9302405
2026-03-19 00:00:00,44866.3023625,45827.686968250004
2026-03-19 01:00:00,44527.196425,45234.29153525
2026-03-19 02:00:00,45016.236615,45680.080771249995
2026-03-19 03:00:00,46569.704855,47344.6906285
2026-03-19 04:00:00,49520.3319525,51120.950547
2026-03-19 05:00:00,56131.9454975,57146.83781975
2026-03-19 06:00:00,61401.9146775,61709.322346999994
2026-03-19 07:00:00,63707.235432500005,64616.00161525
2026-03-19 08:00:00,63453.4428725,65866.36219
2026-03-19 09:00:00,62035.060672499996,66358.4326395
2026-03-19 10:00:00,60154.099945,66095.6119475
2026-03-19 11:00:00,59789.84697,65448.304866
2026-03-19 12:00:00,58164.3673625,64515.765663750004
2026-03-19 13:00:00,56653.5666625,63015.533204499996
2026-03-19 14:00:00,56311.4000325,61954.5569305
2026-03-19 15:00:00,56473.2833175,61945.34473325
2026-03-19 16:00:00,59055.323325,63497.7843865
2026-03-19 17:00:00,61449.984015,64162.795936
2026-03-19 18:00:00,61751.7031975,63443.679059250004
2026-03-19 19:00:00,59553.382587500004,60655.69845675
2026-03-19 20:00:00,56209.2824625,57555.921886
2026-03-19 21:00:00,53274.3474475,54404.367404000004
2026-03-19 22:00:00,49823.760584999996,50988.74295425
2026-03-19 23:00:00,47798.5891425,47564.55622775
2026-03-20 00:00:00,46641.59222,46149.0705915
2026-03-20 01:00:00,45988.830512500004,45723.143026749996
2026-03-20 02:00:00,46024.520300000004,46199.199143
2026-03-20 03:00:00,47383.62835,47341.64371975
2026-03-20 04:00:00,50465.922335,50443.93777975
2026-03-20 05:00:00,56699.578945,56454.705702499996
2026-03-20 06:00:00,61137.8432625,60978.2526295
2026-03-20 07:00:00,64508.066065,64204.979655
2026-03-20 08:00:00,64643.1304,65253.71562875
2026-03-20 09:00:00,62765.469815,65227.958084750004
2026-03-20 10:00:00,61146.348205,64066.377332749995
2026-03-20 11:00:00,59471.3740575,62534.576068
2026-03-20 12:00:00,57117.441137500005,60511.08649375
2026-03-20 13:00:00,55041.797177500004,58411.6081865
2026-03-20 14:00:00,54355.179925,57695.97969275
2026-03-20 15:00:00,55632.6001275,57394.53426175
2026-03-20 16:00:00,57515.0203375,59245.45541475
2026-03-20 17:00:00,59261.144602500004,61036.5606125
2026-03-20 18:00:00,59573.426895,60384.76016625
2026-03-20 19:00:00,56528.8630425,57619.72211475
2026-03-20 20:00:00,53146.108282500005,54223.45129325
2026-03-20 21:00:00,50109.52931,51217.3417575
2026-03-20 22:00:00,47146.0485775,48066.7511545
2026-03-20 23:00:00,44526.014689999996,45731.62864925
2026-03-21 00:00:00,42920.6737,43719.614462
2026-03-21 01:00:00,42208.289280000005,42685.087502
2026-03-21 02:00:00,42000.01307,42227.33659475
2026-03-21 03:00:00,42073.382415,42125.7660395
2026-03-21 04:00:00,42687.8538425,43183.62392575
2026-03-21 05:00:00,44316.7838825,44831.8777585
2026-03-21 06:00:00,47669.1475275,47359.308865750005
2026-03-21 07:00:00,50936.63498,50605.300570499996
2026-03-21 08:00:00,53690.383870000005,53124.9291605
2026-03-21 09:00:00,54605.0714,54520.815027
2026-03-21 10:00:00,53982.0176075,54997.801630500006
2026-03-21 11:00:00,51967.4770325,53988.92292675
2026-03-21 12:00:00,50455.065395,52295.29001975
2026-03-21 13:00:00,49049.4158875,51124.865913999995
2026-03-21 14:00:00,49134.40865,50390.162694750004
2026-03-21 15:00:00,49178.899489999996,50496.82522675
2026-03-21 16:00:00,50868.7542475,52349.4995
2026-03-21 17:00:00,52722.644375,54412.08908625
2026-03-21 18:00:00,52863.419595,53723.63733075
2026-03-21 19:00:00,50507.517875,51600.775709
2026-03-21 20:00:00,48187.7509025,49198.24805075
2026-03-21 21:00:00,46362.07108,47018.63606625
2026-03-21 22:00:00,44228.399722500006,44309.428858750005
2026-03-21 23:00:00,41925.419284999996,42704.729108
2026-03-22 00:00:00,40153.3039,40989.03149475
2026-03-22 01:00:00,39585.474317500004,40220.3289015
2026-03-22 02:00:00,39144.6481225,40052.912504500004
2026-03-22 03:00:00,39401.7016275,40299.73810175
2026-03-22 04:00:00,39987.7064125,40714.65426775
2026-03-22 05:00:00,40431.3206975,41990.242632249996
2026-03-22 06:00:00,43706.8740975,44292.9102285
2026-03-22 07:00:00,46906.515495,47499.02887225
2026-03-22 08:00:00,49511.307655,50018.37036175
2026-03-22 09:00:00,49725.2492325,51414.29959375
2026-03-22 10:00:00,50335.03263,52014.1851705
2026-03-22 11:00:00,48905.567525,51547.507428
2026-03-22 12:00:00,45949.9517225,50270.0997245
2026-03-22 13:00:00,44045.8892975,49379.7989975
2026-03-22 14:00:00,43101.76239,49115.18224225
2026-03-22 15:00:00,43815.947615,50052.31239575
2026-03-22 16:00:00,47014.6389175,51934.79227475
2026-03-22 17:00:00,50378.2791,54164.174158
2026-03-22 18:00:00,51588.21954,54731.969143
2026-03-22 19:00:00,49900.86015,52986.549841500004
2026-03-22 20:00:00,48253.53423,50790.51205025
2026-03-22 21:00:00,47364.22933,49128.4255675
2026-03-22 22:00:00,45287.01917,46795.295594
2026-03-22 23:00:00,43632.5040975,43284.328232500004
2026-03-23 00:00:00,42594.0168675,42198.35332225
2026-03-23 01:00:00,42298.1656725,41820.830098499995
2026-03-23 02:00:00,43147.434245000004,42243.3388435
2026-03-23 03:00:00,44791.66818,44098.587840500004
2026-03-23 04:00:00,48604.039545,48397.4023095
2026-03-23 05:00:00,55493.4575175,55299.580358
2026-03-23 06:00:00,60284.997445,60298.81980225
2026-03-23 07:00:00,63197.945035,63153.62857775
2026-03-23 08:00:00,62885.355475000004,64072.316032250004
2026-03-23 09:00:00,62392.728642500006,64195.554445999995
2026-03-23 10:00:00,62180.9643475,64032.377914
2026-03-23 11:00:00,60436.5165575,63390.735295
2026-03-23 12:00:00,58071.464745,61991.69972125
2026-03-23 13:00:00,56620.8988025,60618.05851075
2026-03-23 14:00:00,56842.056455,59815.32390625
2026-03-23 15:00:00,57061.21918,59131.599607
2026-03-23 16:00:00,58762.4229125,60008.610067
2026-03-23 17:00:00,60594.285879999996,61070.161017499995
2026-03-23 18:00:00,61194.0932875,61028.834309
2026-03-23 19:00:00,58278.77728,58734.85649575
2026-03-23 20:00:00,55397.4275625,55569.826628
2026-03-23 21:00:00,51880.14899,52109.84433675
2026-03-23 22:00:00,48550.5503225,48823.14082125
2026-03-23 23:00:00,45112.05225,46599.12993075
2026-03-24 00:00:00,44004.8992125,45406.010293
2026-03-24 01:00:00,43781.76508,44977.126972
2026-03-24 02:00:00,44593.0823475,45240.376004749996
2026-03-24 03:00:00,45999.188597500004,46528.6561705
2026-03-24 04:00:00,49756.5587675,49720.290787
2026-03-24 05:00:00,56974.9246675,55365.3969345
2026-03-24 06:00:00,61459.458875,59420.36426
2026-03-24 07:00:00,64173.0071625,62072.34117375
2026-03-24 08:00:00,64663.275675,62940.818316000004
2026-03-24 09:00:00,65076.3570875,63434.179953750005
2026-03-24 10:00:00,63670.88449,63649.0224255
2026-03-24 11:00:00,62222.27069,62736.923827
2026-03-24 12:00:00,60639.534875,61121.78213575
2026-03-24 13:00:00,59847.775219999996,59578.955327250005
2026-03-24 14:00:00,59706.043655,58860.86868825
2026-03-24 15:00:00,59267.172665,58676.022336
2026-03-24 16:00:00,60613.674435,60036.441095250004
2026-03-24 17:00:00,63143.776675,61391.968609
2026-03-24 18:00:00,64280.2916175,61399.4618055
2026-03-24 19:00:00,61766.76527,59185.2185695
2026-03-24 20:00:00,59016.351055,55960.8540975
2026-03-24 21:00:00,55475.98093,52558.409787
2026-03-24 22:00:00,52351.1701375,49543.8501395
2026-03-24 23:00:00,49984.2446325,46500.06140125
2026-03-25 00:00:00,48442.327495,45283.599018249995
2026-03-25 01:00:00,47867.68295,44751.2628835
2026-03-25 02:00:00,48481.64299,44695.40263725
2026-03-25 03:00:00,49811.2748575,46186.42069575
2026-03-25 04:00:00,53905.5690975,49400.1948535
2026-03-25 05:00:00,60926.970555,55301.439658
2026-03-25 06:00:00,65936.20161,60490.50098675
2026-03-25 07:00:00,68443.0383875,63336.752160000004
2026-03-25 08:00:00,68680.7373975,64486.235171
2026-03-25 09:00:00,69609.0126475,64328.18981175
2026-03-25 10:00:00,69084.1791675,64453.862479749994
2026-03-25 11:00:00,68422.52203,63462.543603750004
2026-03-25 12:00:00,66845.8736925,61297.22747775
2026-03-25 13:00:00,66188.36383,59492.6540085
2026-03-25 14:00:00,64526.0276975,58094.534402
2026-03-25 15:00:00,62331.58049,57506.00950475
2026-03-25 16:00:00,63248.427429999996,59497.7192845
2026-03-25 17:00:00,63724.65842,61321.70745275
2026-03-25 18:00:00,64621.2399175,60909.9545305
2026-03-25 19:00:00,61231.1878,58325.559912
2026-03-25 20:00:00,58364.42579,55164.67372575
2026-03-25 21:00:00,54716.28314,51592.3003495
2026-03-25 22:00:00,51136.8313275,48114.6603705
2026-03-25 23:00:00,49758.8257325,46243.483926500005
2026-03-26 00:00:00,47813.1896175,44916.23241425
2026-03-26 01:00:00,47354.8430525,44578.3784595
2026-03-26 02:00:00,47750.7479,45251.515882499996
2026-03-26 03:00:00,48812.0999575,46517.5022695
2026-03-26 04:00:00,52122.5082675,49623.219958
2026-03-26 05:00:00,59070.5392725,55336.4233985
2026-03-26 06:00:00,62763.6215275,59778.801256
2026-03-26 07:00:00,65431.7995,62240.46632
2026-03-26 08:00:00,66534.7488925,63082.905310999995
2026-03-26 09:00:00,66273.8408675,63188.4744835
2026-03-26 10:00:00,66727.7846025,62781.87412325
2026-03-26 11:00:00,65950.54747,62188.68778375
2026-03-26 12:00:00,65138.63856,60952.53334275
2026-03-26 13:00:00,63238.96239,59533.61418225
2026-03-26 14:00:00,61467.533735000005,58741.35042775
2026-03-26 15:00:00,61448.720345,58333.63950975
2026-03-26 16:00:00,62882.3593275,59123.90127275
2026-03-26 17:00:00,63974.3634825,60819.3359585
2026-03-26 18:00:00,64895.365195,60877.7296805
2026-03-26 19:00:00,62130.9425075,58146.764781
2026-03-26 20:00:00,59614.1827375,55289.91399725
2026-03-26 21:00:00,55966.8730125,52174.94100225
2026-03-26 22:00:00,52651.5195225,48982.913229
2026-03-26 23:00:00,50434.425095,48047.9409255
2026-03-27 00:00:00,48472.7138425,46912.807467
2026-03-27 01:00:00,47975.35784,46923.75911575
2026-03-27 02:00:00,48273.0977925,47906.24688325
2026-03-27 03:00:00,49539.8709625,48559.796852750005
2026-03-27 04:00:00,52721.4897475,51137.609027
2026-03-27 05:00:00,58693.10169,57141.75549225
2026-03-27 06:00:00,62933.7648825,60378.0562455
2026-03-27 07:00:00,65693.4577825,62899.407319
2026-03-27 08:00:00,65117.9608525,64327.8779935
2026-03-27 09:00:00,63966.6042925,64599.52873075
2026-03-27 10:00:00,63077.715875,63291.29750975
2026-03-27 11:00:00,61643.62227,61616.3610045
2026-03-27 12:00:00,59877.941907500004,59593.0881225
2026-03-27 13:00:00,57089.763835,58288.906928
2026-03-27 14:00:00,55929.908665,57901.38968375
2026-03-27 15:00:00,56831.240762500005,56464.03250525
2026-03-27 16:00:00,59242.72144,58684.1857105
2026-03-27 17:00:00,61444.567705,60487.698999500004
2026-03-27 18:00:00,62743.814885,59179.214112
2026-03-27 19:00:00,60361.08197,56470.08278575
2026-03-27 20:00:00,56836.966434999995,53745.3310595
2026-03-27 21:00:00,53856.6836175,51194.35831125
2026-03-27 22:00:00,51008.133747500004,48385.26759525
2026-03-27 23:00:00,49024.493735,49518.16626425
2026-03-28 00:00:00,45485.963820000004,47733.678505
2026-03-28 01:00:00,45586.048657499996,46753.2609685
2026-03-28 02:00:00,45480.2705575,46410.2607675
2026-03-28 03:00:00,45394.71123,46604.5821885
2026-03-28 04:00:00,45343.4010325,46269.83207475
2026-03-28 05:00:00,46240.449335,46683.897787249996
2026-03-28 06:00:00,48545.120769999994,49367.3014685
2026-03-28 07:00:00,51525.6839775,52674.17579375
2026-03-28 08:00:00,54409.80788,55229.929711749995
2026-03-28 09:00:00,56161.6066575,56340.1837705
2026-03-28 10:00:00,56149.43207,56308.471689750004
2026-03-28 11:00:00,56114.8348575,55273.323738499996
2026-03-28 12:00:00,54410.683775,53285.330683
2026-03-28 13:00:00,52250.95931,51938.8393335
2026-03-28 14:00:00,51680.881095000004,51505.226784
2026-03-28 15:00:00,51290.905425,51854.196306750004
2026-03-28 16:00:00,52615.093355000005,53239.09016775
2026-03-28 17:00:00,54241.684115,54910.11394725
2026-03-28 18:00:00,54925.621692500004,54035.70978975
2026-03-28 19:00:00,52287.470795,51660.6806365
2026-03-28 20:00:00,50154.1165825,49441.0242095
2026-03-28 21:00:00,48265.6823725,47257.834509249995
2026-03-28 22:00:00,45942.3733425,44159.65330475
2026-03-28 23:00:00,43554.4411425,43035.274374500004
2026-03-29 00:00:00,41561.8325375,41755.51161275
2026-03-29 01:00:00,41365.22323,40955.689569
2026-03-29 02:00:00,40585.21785,40893.88765425
2026-03-29 03:00:00,40575.3219625,42259.73047825
2026-03-29 04:00:00,40642.39395,44218.8436475
2026-03-29 05:00:00,41745.2596725,46471.1358355
2026-03-29 06:00:00,43896.9021325,49165.7894345
2026-03-29 07:00:00,46450.81765,51752.16710875
2026-03-29 08:00:00,48606.196285,53470.5258885
2026-03-29 09:00:00,50454.7915775,54478.3125695
2026-03-29 10:00:00,50989.3606725,54063.289872
2026-03-29 11:00:00,50543.5478875,52686.77643325
2026-03-29 12:00:00,47992.8335075,50935.92455425
2026-03-29 13:00:00,47229.4350875,50243.21335
2026-03-29 14:00:00,47065.7231525,50161.852633
2026-03-29 15:00:00,49043.800117499995,51328.09216825
2026-03-29 16:00:00,51552.7456125,53459.73069775
2026-03-29 17:00:00,52579.234455,54199.238528
2026-03-29 18:00:00,52988.7948625,53138.67950125
2026-03-29 19:00:00,51406.05047,51951.8045225
2026-03-29 20:00:00,51767.27162,50397.23939925
2026-03-29 21:00:00,50183.771345,48197.815789
2026-03-29 22:00:00,49091.585972500005,46206.14808475
2026-03-29 23:00:00,48045.56463,44669.052541
2026-03-30 00:00:00,46542.395097500004,43970.85259775
2026-03-30 01:00:00,46900.42404,44259.54213775
2026-03-30 02:00:00,48087.624135,45609.05638775
2026-03-30 03:00:00,51706.61425,49203.65623375
2026-03-30 04:00:00,57697.718205,56227.74086675
2026-03-30 05:00:00,61399.6359375,61998.7651395
2026-03-30 06:00:00,64383.73391,65330.06727175
2026-03-30 07:00:00,66322.1916125,66544.539255
2026-03-30 08:00:00,66386.698465,66374.38011475
2026-03-30 09:00:00,67092.9170225,66206.9032635
2026-03-30 10:00:00,67500.76217,65686.35353374999
2026-03-30 11:00:00,65698.8147375,64454.226644
2026-03-30 12:00:00,62898.9804,63024.49622875
2026-03-30 13:00:00,61009.908485,61939.058463
2026-03-30 14:00:00,59702.238645,61644.75181825
2026-03-30 15:00:00,60563.47079,62240.335462
2026-03-30 16:00:00,62208.952359999996,63266.68757475
2026-03-30 17:00:00,62633.8181425,63687.2208885
2026-03-30 18:00:00,61865.9766475,61502.285287499995
2026-03-30 19:00:00,58811.633682499996,58826.3910835
2026-03-30 20:00:00,55467.68632,55810.972735
2026-03-30 21:00:00,52036.7060025,52330.34421225
2026-03-30 22:00:00,48810.127635,48698.421694000004
2026-03-30 23:00:00,46787.2195975,46904.392449
2026-03-31 00:00:00,45739.593895,46269.21907625
2026-03-31 01:00:00,46196.3384175,46482.79113
2026-03-31 02:00:00,47520.4305175,47498.08750075
2026-03-31 03:00:00,50579.268225,50277.8238285
2026-03-31 04:00:00,57154.36228,55914.1276975
2026-03-31 05:00:00,61754.191175,60964.1959635
2026-03-31 06:00:00,63403.355835,64133.8344695
2026-03-31 07:00:00,63937.935755,65067.339546999996
2026-03-31 08:00:00,64171.56682,64790.22348075
2026-03-31 09:00:00,64673.5828575,64261.42170525
2026-03-31 10:00:00,64120.1337625,63750.88771525
2026-03-31 11:00:00,62869.5417025,62584.3510655
2026-03-31 12:00:00,61797.31228,60315.1425205
2026-03-31 13:00:00,60866.443925,59443.86753
2026-03-31 14:00:00,59694.7243875,59549.6826955
2026-03-31 15:00:00,59842.6458625,60575.9336895
2026-03-31 16:00:00,61343.134245,62032.620246
2026-03-31 17:00:00,61349.005495,62210.8946885
2026-03-31 18:00:00,59992.6171225,60106.99000925
2026-03-31 19:00:00,56804.941625,57205.01359275
2026-03-31 20:00:00,53705.8024425,54002.30848
2026-03-31 21:00:00,50714.674790000005,50717.23469525
2026-03-31 22:00:00,48929.2024625,48451.50739975
2026-03-31 23:00:00,47827.803425,46699.31934125
2026-04-01 00:00:00,46709.99848,46033.10121875
2026-04-01 01:00:00,46884.518415,46848.858813750005
2026-04-01 02:00:00,47700.7226075,47581.92485
2026-04-01 03:00:00,50806.11327,49857.60994
2026-04-01 04:00:00,57005.5754825,55458.272958
2026-04-01 05:00:00,61055.26675,59887.242830250005
2026-04-01 06:00:00,63364.07217,63118.9994745
2026-04-01 07:00:00,64544.921055,64173.347021
2026-04-01 08:00:00,64770.631995,64021.831313999995
2026-04-01 09:00:00,64312.11594,63308.475627
2026-04-01 10:00:00,63015.84933,62938.74301275
2026-04-01 11:00:00,61716.8858375,61830.184017
2026-04-01 12:00:00,58202.8759025,60113.9005955
2026-04-01 13:00:00,57006.410275,59775.101132
2026-04-01 14:00:00,55621.1804925,59482.280178999994
2026-04-01 15:00:00,57353.036347500005,60290.130659
2026-04-01 16:00:00,59011.3505325,61300.34966325
2026-04-01 17:00:00,60568.3205625,61262.18505425
2026-04-01 18:00:00,60205.836355,59467.52053575
2026-04-01 19:00:00,57920.10766,56647.253399
2026-04-01 20:00:00,55045.757465,53944.402473
2026-04-01 21:00:00,51639.990935,50730.5840325
2026-04-01 22:00:00,49189.299654999995,48889.938819
2026-04-01 23:00:00,47861.083245,47360.37213525
2026-04-02 00:00:00,47384.1548775,46870.07129675
2026-04-02 01:00:00,47756.4828575,47387.19034975
2026-04-02 02:00:00,49017.540115,48774.7807405
2026-04-02 03:00:00,52307.58246,51807.289588499996
2026-04-02 04:00:00,57941.333920000005,57702.02570425
2026-04-02 05:00:00,62305.161115,62440.65537
2026-04-02 06:00:00,64794.338977499996,65737.23524475
2026-04-02 07:00:00,64704.2594625,66829.547223
2026-04-02 08:00:00,63491.871922499995,66965.276714
2026-04-02 09:00:00,62856.41226,66748.39543425001
2026-04-02 10:00:00,61549.510689999996,66195.8828715
2026-04-02 11:00:00,59431.462275,64633.01186125
2026-04-02 12:00:00,57916.866725,62638.95503325
2026-04-02 13:00:00,56899.564782500005,61775.113216
2026-04-02 14:00:00,55809.9605625,61662.513386
2026-04-02 15:00:00,57519.637845,62520.310287500004
2026-04-02 16:00:00,58638.919827499994,62622.1007665
2026-04-02 17:00:00,58284.0607425,62167.271966500004
2026-04-02 18:00:00,57139.6395475,60179.55211925
2026-04-02 19:00:00,54292.459955,57100.5065625
2026-04-02 20:00:00,51481.3995475,53968.507311
2026-04-02 21:00:00,48261.55943,50701.7510065
2026-04-02 22:00:00,44997.70813,46040.018987999996
2026-04-02 23:00:00,43580.524045,44303.58171325
2026-04-03 00:00:00,42633.6701075,43189.40918075
2026-04-03 01:00:00,42510.352960000004,42963.560007
2026-04-03 02:00:00,42132.0948925,43340.370102500005
2026-04-03 03:00:00,42174.8142475,43702.05232575
2026-04-03 04:00:00,42464.204005,44902.88929675
2026-04-03 05:00:00,43441.1993625,47276.0242245
2026-04-03 06:00:00,46160.2720425,50075.8886315
2026-04-03 07:00:00,48459.32075,52540.085818249994
2026-04-03 08:00:00,50385.37139,53702.836119
2026-04-03 09:00:00,51975.58469,53770.49691275
2026-04-03 10:00:00,51006.55715,53205.61031725
2026-04-03 11:00:00,48927.939575000004,51478.429437
2026-04-03 12:00:00,46063.67819,49735.584929
2026-04-03 13:00:00,44531.3143975,49324.49489275
2026-04-03 14:00:00,44785.49231,49770.9011675
2026-04-03 15:00:00,46799.448605,50496.5176465
2026-04-03 16:00:00,48813.6622175,51661.686319
2026-04-03 17:00:00,48916.1959925,52139.812711
2026-04-03 18:00:00,49516.778485,51403.163797500005
2026-04-03 19:00:00,49075.2319525,50163.28984725
2026-04-03 20:00:00,47955.285895,48264.01576175
2026-04-03 21:00:00,46262.725315,45889.72116975
2026-04-03 22:00:00,44357.3188,47037.918596749994
2026-04-03 23:00:00,42551.045855000004,45566.8090415
2026-04-04 00:00:00,41892.6203025,44466.6180715
2026-04-04 01:00:00,41424.6253375,43949.271774
2026-04-04 02:00:00,41835.94834,44240.07939975
2026-04-04 03:00:00,43343.736569999994,44493.9617975
2026-04-04 04:00:00,44637.06758,45663.154096750004
2026-04-04 05:00:00,45689.13799,48148.079110000006
2026-04-04 06:00:00,48508.163685,51100.948307
2026-04-04 07:00:00,50374.3371525,53430.717942999996
2026-04-04 08:00:00,51032.622955,54644.767023249995
2026-04-04 09:00:00,52881.6959575,55008.90272025
2026-04-04 10:00:00,52305.98714,54408.15081125
2026-04-04 11:00:00,50898.63916,52813.9287225
2026-04-04 12:00:00,49258.09611,51709.97268375
2026-04-04 13:00:00,48314.0657825,51209.95553875
2026-04-04 14:00:00,47394.340599999996,51105.9098665
2026-04-04 15:00:00,47139.88912,51805.4364965
2026-04-04 16:00:00,47358.5735125,52852.91811625
2026-04-04 17:00:00,47251.0631475,53231.42682175
2026-04-04 18:00:00,47261.60077,51807.47463
2026-04-04 19:00:00,46634.75801,49869.17096475
2026-04-04 20:00:00,45899.205239999996,47955.72517775
2026-04-04 21:00:00,44140.060052500005,45600.0085315
2026-04-04 22:00:00,42250.3462325,41323.07237375
2026-04-04 23:00:00,40549.513054999996,39624.69847
2026-04-05 00:00:00,39738.96352,38732.379155999995
2026-04-05 01:00:00,39321.396479999996,38405.332401499996
2026-04-05 02:00:00,39578.0162725,38562.478640500005
2026-04-05 03:00:00,40486.757555,38249.8599495
2026-04-05 04:00:00,41033.970134999996,38459.1202355
2026-04-05 05:00:00,43412.7988375,40521.232302749995
2026-04-05 06:00:00,46491.5197525,43521.474016
2026-04-05 07:00:00,49423.038732500005,46357.486273999995
2026-04-05 08:00:00,50687.19824,47380.14976775
2026-04-05 09:00:00,51206.88397,47494.09349175
2026-04-05 10:00:00,48244.06174,47136.238047
2026-04-05 11:00:00,45533.902165,45529.31659225
2026-04-05 12:00:00,43102.81243,43920.254714
2026-04-05 13:00:00,42119.1134925,42861.8710345
2026-04-05 14:00:00,42746.0805875,42968.20518925
2026-04-05 15:00:00,44606.44969,43924.8687195
2026-04-05 16:00:00,47538.807637499995,45252.3483485
2026-04-05 17:00:00,47296.6753225,45980.057974
2026-04-05 18:00:00,46958.2550575,45969.622139750005
2026-04-05 19:00:00,46415.09691,45361.36660475
2026-04-05 20:00:00,45046.2334,44038.3083895
2026-04-05 21:00:00,43007.763967499995,41939.64891925
2026-04-05 22:00:00,40733.7023225,40222.0053455
2026-04-05 23:00:00,39615.006975,39006.751301
2026-04-06 00:00:00,38731.311235,38284.345079
2026-04-06 01:00:00,38612.848035,38110.01206725
2026-04-06 02:00:00,39530.2755025,38768.108022
2026-04-06 03:00:00,40205.92464,39631.053292
2026-04-06 04:00:00,40524.7592775,40838.996373250004
2026-04-06 05:00:00,41956.17355,43427.17409525
2026-04-06 06:00:00,44547.9547575,46562.1782895
2026-04-06 07:00:00,48084.09826,49074.630109749996
2026-04-06 08:00:00,48304.9607275,50235.8276825
2026-04-06 09:00:00,48245.938949999996,50737.095231
2026-04-06 10:00:00,45474.05921,50021.2352425
2026-04-06 11:00:00,43485.244515,48206.108180999996
2026-04-06 12:00:00,41197.25461,46810.7291605
2026-04-06 13:00:00,39226.970425,45863.61476525
2026-04-06 14:00:00,39873.0574375,45638.40235425
2026-04-06 15:00:00,41744.84842,46547.1295225
2026-04-06 16:00:00,45822.4696825,48209.85201975
2026-04-06 17:00:00,46779.983290000004,49135.0805925
2026-04-06 18:00:00,47417.415805000004,49099.37491575
2026-04-06 19:00:00,46620.44441,48319.193558
2026-04-06 20:00:00,45092.120064999996,46824.174
2026-04-06 21:00:00,42885.5966325,44653.04394075
2026-04-06 22:00:00,40510.600665000005,44561.0291175
2026-04-06 23:00:00,39181.78086,43535.4269655
2026-04-07 00:00:00,39134.8905275,42818.750758
2026-04-07 01:00:00,39750.1031375,43039.69710575
2026-04-07 02:00:00,41420.81312,44345.0758115
2026-04-07 03:00:00,45088.2958625,48492.46531225
2026-04-07 04:00:00,51667.728365,55458.234695
2026-04-07 05:00:00,57002.6884975,59980.63921925
2026-04-07 06:00:00,61157.1828225,62756.8620695
2026-04-07 07:00:00,62122.3456275,63980.212252
2026-04-07 08:00:00,60958.665445,64413.419454999996
2026-04-07 09:00:00,59433.838195000004,64651.00716075
2026-04-07 10:00:00,57805.0214275,64363.67472225
2026-04-07 11:00:00,57089.5051725,62569.9524335
2026-04-07 12:00:00,55446.705512500004,61003.94259775
2026-04-07 13:00:00,53709.15378,59657.73409325
2026-04-07 14:00:00,52576.886965,59275.979885
2026-04-07 15:00:00,53340.21957,60141.948745999995
2026-04-07 16:00:00,56601.9174775,61059.277544
2026-04-07 17:00:00,59006.9219875,61155.46608575
2026-04-07 18:00:00,58772.1162175,59711.34281925
2026-04-07 19:00:00,56120.4636275,57057.049440999996
2026-04-07 20:00:00,52522.417535,53867.3844235
2026-04-07 21:00:00,49288.8849425,50700.265138
2026-04-07 22:00:00,46771.09643,47787.49188025
2026-04-07 23:00:00,44986.104825,46233.5121725
2026-04-08 00:00:00,44212.274685,45517.375780999995
2026-04-08 01:00:00,44563.7511225,45757.059966
2026-04-08 02:00:00,46501.7186475,46873.479766
2026-04-08 03:00:00,50212.3892425,50035.73197775
2026-04-08 04:00:00,56448.398345,56079.357354
2026-04-08 05:00:00,60885.851325,60744.7026465
2026-04-08 06:00:00,63425.53045,63414.855391000005
2026-04-08 07:00:00,62896.0829575,64648.28778125
2026-04-08 08:00:00,61739.2731775,64817.3551595
2026-04-08 09:00:00,60502.3787725,65107.145739
2026-04-08 10:00:00,58616.5108625,64451.38798575
2026-04-08 11:00:00,57591.7643075,62718.865829999995
2026-04-08 12:00:00,55410.1001575,61410.915480999996
2026-04-08 13:00:00,53729.15951,60038.6024325
2026-04-08 14:00:00,53166.95698,59587.186810750005
2026-04-08 15:00:00,54192.63914,60335.385559
2026-04-08 16:00:00,57128.43404,60833.24332
2026-04-08 17:00:00,58574.499794999996,61289.44519825
2026-04-08 18:00:00,58813.547177500004,59922.9968175
2026-04-08 19:00:00,56306.199974999996,57236.078867749995
2026-04-08 20:00:00,53332.00513,54119.42239475
2026-04-08 21:00:00,49948.207375,50843.708658
2026-04-08 22:00:00,47643.4843225,46216.21781075
2026-04-08 23:00:00,46070.84736,44521.07440175
2026-04-09 00:00:00,45025.3731775,43985.83515425
2026-04-09 01:00:00,45481.2597675,44402.06784375
2026-04-09 02:00:00,47015.481375,47226.93807925
2026-04-09 03:00:00,50573.92856,51608.341302
2026-04-09 04:00:00,56245.336787500004,57086.2091975
2026-04-09 05:00:00,60658.11299,61862.592157
2026-04-09 06:00:00,63244.886445,65654.66025525
2026-04-09 07:00:00,63422.75908,66338.671163
2026-04-09 08:00:00,62802.4373125,66364.96700199999
2026-04-09 09:00:00,61287.679117499996,65715.1909165
2026-04-09 10:00:00,60065.810075,65234.6501435
2026-04-09 11:00:00,58540.181007499996,64067.10241525
2026-04-09 12:00:00,56010.425877500005,61679.4194725
2026-04-09 13:00:00,55277.831985,60993.99279475
2026-04-09 14:00:00,54992.362114999996,61531.4436655
2026-04-09 15:00:00,55413.2866,63445.57235075
2026-04-09 16:00:00,57693.1436375,62542.43446025
2026-04-09 17:00:00,59072.6676625,61449.562480249995
2026-04-09 18:00:00,59109.8185225,60241.4461005
2026-04-09 19:00:00,57040.139194999996,56681.89612675
2026-04-09 20:00:00,54137.698957500004,53127.7841495
2026-04-09 21:00:00,51016.444835,49673.005687
2026-04-09 22:00:00,48302.0783675,46258.21556
2026-04-09 23:00:00,46123.869725000004,44870.6449175
2026-04-10 00:00:00,45161.8090025,44175.53647275
2026-04-10 01:00:00,45812.737125,44522.67559675
2026-04-10 02:00:00,47307.4340125,45487.6980055
2026-04-10 03:00:00,50036.3502675,47766.29173175
2026-04-10 04:00:00,56044.877015,53284.968061499996
2026-04-10 05:00:00,59982.3410375,57507.120674000005
2026-04-10 06:00:00,62361.434785,61410.74368325
2026-04-10 07:00:00,63987.1270325,63282.06394975
2026-04-10 08:00:00,64782.6013325,63282.782667
2026-04-10 09:00:00,63662.7018225,62329.713261
2026-04-10 10:00:00,61393.517065,60511.82611425
2026-04-10 11:00:00,59410.2098075,58732.06724925
2026-04-10 12:00:00,57272.329365,57326.81365875
2026-04-10 13:00:00,55266.208582499996,56153.1457185
2026-04-10 14:00:00,55047.88634,55059.43653
2026-04-10 15:00:00,55211.84814,55801.108958000004
2026-04-10 16:00:00,56580.815015,56239.33880025
2026-04-10 17:00:00,56887.409075,56893.9797505
2026-04-10 18:00:00,56113.952135,55127.747867
2026-04-10 19:00:00,53619.1424275,52500.6698755
2026-04-10 20:00:00,50922.903255,49714.678165749996
2026-04-10 21:00:00,47900.5968175,46795.408978499996
2026-04-10 22:00:00,45342.2676575,44439.378811
2026-04-10 23:00:00,43410.7276775,42794.577202
2026-04-11 00:00:00,43120.1982625,41695.031731
2026-04-11 01:00:00,43003.185652500004,41341.744221
2026-04-11 02:00:00,43196.547295,41512.87112125
2026-04-11 03:00:00,43024.8138325,42826.28424625
2026-04-11 04:00:00,44712.0112975,45271.93240175
2026-04-11 05:00:00,46931.240225,47972.9802005
2026-04-11 06:00:00,49911.18937,51088.19771
2026-04-11 07:00:00,51721.4017725,53549.632722
2026-04-11 08:00:00,53601.7722275,55101.70750425
2026-04-11 09:00:00,52255.130045,55244.353568
2026-04-11 10:00:00,49532.996582499996,54489.388173
2026-04-11 11:00:00,48293.98515,53004.028439500005
2026-04-11 12:00:00,46648.014852500004,51478.0929085
2026-04-11 13:00:00,46011.123065,50187.38299225
2026-04-11 14:00:00,47059.307935000004,50365.60857175
2026-04-11 15:00:00,48600.206955,50986.84526725
2026-04-11 16:00:00,50414.241095000005,51413.63066575
2026-04-11 17:00:00,51448.901825,51463.25563025
2026-04-11 18:00:00,50818.85124,50949.041580749996
2026-04-11 19:00:00,48388.227855000005,49388.46530475
2026-04-11 20:00:00,46600.99906,47507.45828175
2026-04-11 21:00:00,43662.5762375,44939.602714
2026-04-11 22:00:00,41742.2459475,43122.08263325
2026-04-11 23:00:00,39055.26841,41306.88973375
2026-04-12 00:00:00,38024.3625825,40395.229018
2026-04-12 01:00:00,37449.262495,40180.53208825
2026-04-12 02:00:00,37244.20465,40390.385438
2026-04-12 03:00:00,37208.295045,41504.241234
2026-04-12 04:00:00,38078.7380875,43400.42263725
2026-04-12 05:00:00,39688.772502499996,46006.7276375
2026-04-12 06:00:00,43202.2736325,49016.06640525
2026-04-12 07:00:00,46354.21174,51586.29118775
2026-04-12 08:00:00,48963.969775,52762.75282625
2026-04-12 09:00:00,50481.2878775,53476.5233345
2026-04-12 10:00:00,50097.69919,52671.971872
2026-04-12 11:00:00,48203.0413175,51119.1880775
2026-04-12 12:00:00,47324.9471475,49674.06059675
2026-04-12 13:00:00,45643.335935,48817.1885395
2026-04-12 14:00:00,45967.55248,48774.87996725
2026-04-12 15:00:00,47325.7254525,49993.67105925
2026-04-12 16:00:00,49571.7607675,51813.1830865
2026-04-12 17:00:00,49507.560805,51779.04100425
2026-04-12 18:00:00,49412.937565,50929.397454000005
2026-04-12 19:00:00,48478.196105,49883.81740675
2026-04-12 20:00:00,47856.93857,48143.86784375
2026-04-12 21:00:00,45370.673722499996,45666.88285425
2026-04-12 22:00:00,43795.188865000004,44214.813505750004
2026-04-12 23:00:00,42657.8049,42814.16272275
2026-04-13 00:00:00,42225.272072499996,42110.42849975
2026-04-13 01:00:00,42638.6943375,42301.99072275
2026-04-13 02:00:00,43759.4851175,43815.6780455
2026-04-13 03:00:00,47924.00281,47679.12606625
2026-04-13 04:00:00,55446.0986975,54799.3312595
2026-04-13 05:00:00,59905.094977500004,60548.88057425
2026-04-13 06:00:00,63023.8745725,63773.23339575
2026-04-13 07:00:00,64170.717645,65100.4249875
2026-04-13 08:00:00,64852.9310575,66114.561076
2026-04-13 09:00:00,65718.82425,66319.537228
2026-04-13 10:00:00,65147.6620825,65269.990234
2026-04-13 11:00:00,64457.73866,63973.40701475
2026-04-13 12:00:00,63617.776190000004,62591.307889
2026-04-13 13:00:00,62456.380875,61188.96553625
2026-04-13 14:00:00,61826.496755,59793.41720275
2026-04-13 15:00:00,62700.747545,59850.47155175
2026-04-13 16:00:00,62850.008565,60187.6681895
2026-04-13 17:00:00,62117.31539,60308.27466375
2026-04-13 18:00:00,61394.82204,59008.53354125
2026-04-13 19:00:00,58704.3367125,56361.481856
2026-04-13 20:00:00,54824.137635,53476.64295275
2026-04-13 21:00:00,50460.629615,50135.6502895
2026-04-13 22:00:00,47805.841085,47766.88835175
2026-04-13 23:00:00,46493.373642499995,46288.6293995
2026-04-14 00:00:00,45454.434735,45775.587617
2026-04-14 01:00:00,45740.974865,46004.436831
2026-04-14 02:00:00,47259.599805,47087.81003075
2026-04-14 03:00:00,49985.460504999995,50262.2689045
2026-04-14 04:00:00,57115.86798,56271.43940625
2026-04-14 05:00:00,61450.17538,61255.35540175
2026-04-14 06:00:00,63793.21671,64060.10419725
2026-04-14 07:00:00,64260.19583,64648.1362185
2026-04-14 08:00:00,64275.23258,65031.13067325
2026-04-14 09:00:00,64709.95258,64814.07891975
2026-04-14 10:00:00,64588.429065000004,63998.344936249996
2026-04-14 11:00:00,63208.8854975,62659.544748500004
2026-04-14 12:00:00,60967.74577,61127.70663925
2026-04-14 13:00:00,58910.6254625,59789.895407
2026-04-14 14:00:00,57855.58993,58786.90320675
2026-04-14 15:00:00,57966.530615,59108.8035145
2026-04-14 16:00:00,58914.4098875,60101.912014500005
2026-04-14 17:00:00,59505.329275,60526.84972825
2026-04-14 18:00:00,58792.203815,59242.671329000004
2026-04-14 19:00:00,56392.326832499995,56647.959521
2026-04-14 20:00:00,53292.577587499996,53363.08533025
2026-04-14 21:00:00,49886.4356075,50187.54129525
2026-04-14 22:00:00,47246.184145,47045.424087
2026-04-14 23:00:00,45899.936315,45630.053580499996
2026-04-15 00:00:00,45189.1844575,44983.794487499996
2026-04-15 01:00:00,45479.6647625,44781.6689235
2026-04-15 02:00:00,47071.8665025,46275.61087925
2026-04-15 03:00:00,50277.32553,49538.0700395
2026-04-15 04:00:00,56811.8414525,55517.4065425
2026-04-15 05:00:00,61363.7980725,61549.5818945
2026-04-15 06:00:00,63442.510125,64133.04924
2026-04-15 07:00:00,62617.852087499996,65113.385110250005
2026-04-15 08:00:00,62495.0327275,65779.45093349999
2026-04-15 09:00:00,61381.2621475,66155.52373375
2026-04-15 10:00:00,59909.05332,65145.365608
2026-04-15 11:00:00,58063.1523675,63324.0213645
2026-04-15 12:00:00,56422.750765000004,61709.2343035
2026-04-15 13:00:00,55837.190575,60490.99098425
2026-04-15 14:00:00,55761.39744,59643.28675775
2026-04-15 15:00:00,56176.48096,59809.10587375
2026-04-15 16:00:00,57990.0364925,59941.62997875
2026-04-15 17:00:00,59133.6825275,60244.80797425
2026-04-15 18:00:00,58566.69735,59194.1135205
2026-04-15 19:00:00,55993.13472,56454.3627345
2026-04-15 20:00:00,52899.2163075,52911.50094175
2026-04-15 21:00:00,49819.7348525,49388.649541
2026-04-15 22:00:00,46703.6095325,46559.29116625
2026-04-15 23:00:00,45046.4810075,44980.3294095
2026-04-16 00:00:00,44206.089245,44296.9968675
2026-04-16 01:00:00,44382.554397500004,44551.1232275
2026-04-16 02:00:00,45609.248695,45574.709255
2026-04-16 03:00:00,48706.5848975,48683.0802
2026-04-16 04:00:00,55427.9866025,54732.685405
2026-04-16 05:00:00,59974.5850275,59698.70737125
2026-04-16 06:00:00,62679.0535475,62739.26792375
2026-04-16 07:00:00,63555.197675,63588.775591
2026-04-16 08:00:00,63644.1227775,63980.298277
2026-04-16 09:00:00,62628.6398725,63937.026051
2026-04-16 10:00:00,60017.1584375,63210.08623375
2026-04-16 11:00:00,58170.4566625,61763.94658025
2026-04-16 12:00:00,56770.98372,60137.922133
2026-04-16 13:00:00,55764.895015,58920.2011015
2026-04-16 14:00:00,55166.725510000004,57883.54508825
2026-04-16 15:00:00,56093.072845,58290.45371425
2026-04-16 16:00:00,58378.4253525,59480.1846115
2026-04-16 17:00:00,59365.472065,59292.18316875
2026-04-16 18:00:00,58893.65732,57570.412867
2026-04-16 19:00:00,56019.5659625,55166.145313
2026-04-16 20:00:00,52447.797375,52118.69044625
2026-04-16 21:00:00,48913.6674375,48709.508992999996
2026-04-16 22:00:00,46534.1433475,46242.83281
2026-04-16 23:00:00,45411.1562975,44674.4769745
2026-04-17 00:00:00,44695.8034525,43979.27064125
2026-04-17 01:00:00,44599.91206,44115.2497815
2026-04-17 02:00:00,46327.4086525,45338.4373895
2026-04-17 03:00:00,49204.001405,48305.381634000005
2026-04-17 04:00:00,55398.1715575,54164.6663585
2026-04-17 05:00:00,60806.4678925,59381.781764750005
2026-04-17 06:00:00,63918.474317500004,62477.60870725
2026-04-17 07:00:00,63017.960407499995,63036.17513075
2026-04-17 08:00:00,64892.887445,63671.3708425
2026-04-17 09:00:00,68062.11408500001,63778.6344465
2026-04-17 10:00:00,61473.92045,62815.833283
